Dam Name,Report Date,Status
Gunjawani,07/09/2026,PDF Not Available
Khadakwasla,07/09/2026,PDF Not Available
Mulshi,07/09/2026,PDF Not Available
Panshet,07/09/2026,PDF Not Available
Temghar,07/09/2026,PDF Not Available
Gunjawani,06/09/2026,PDF Not Available
Khadakwasla,06/09/2026,PDF Not Available
Mulshi,06/09/2026,PDF Not Available
Panshet,06/09/2026,PDF Not Available
Temghar,06/09/2026,PDF Not Available
Gunjawani,05/09/2026,PDF Not Available
Khadakwasla,05/09/2026,PDF Not Available
Mulshi,05/09/2026,PDF Not Available
Panshet,05/09/2026,PDF Not Available
Temghar,05/09/2026,PDF Not Available
